Batch,CURRENT,PRES_DISCHARGE,FREQUENCY,PRES_INTAKE,TEMP_INTAKE,TEMP_MOTOR_PUMP,VIBRATION
0,20.16514459,113.2167451,58.68790968,86.04132476,133.7805249,193.898919,0.33
1,21.18009336,121.7384884,56.87717698,88.8880325,103.107946,197.7757371,0.32
2,20.04911751,107.725344,56.55454949,89.78387669,134.4615803,190.113412,0.34
3,20.91526488,116.2005681,57.00653611,88.74972367,114.6050025,199.934861,0.33
4,18.48156863,110.5339679,59.60599257,89.06825252,136.9888356,197.0354298,0.32
5,21.6115268,101.4911486,58.50382629,85.54201105,129.8446875,199.3192554,0.32
6,23.14659497,101.8288443,58.13948153,86.87491268,131.4032509,198.9119031,3.39
7,20.94670906,103.0712675,55.35539645,81.80581027,119.2807184,210.3786068,1.25
8,28.35246153,94.54698236,59.7425115,80.98924784,147.0231979,214.7783021,0.32
9,23.43930303,82.53780964,58.30982047,79.80416815,94.2722623,217.3973707,0.36
10,17.21051777,83.71286616,58.98614362,84.23309153,117.2730504,227.955468,0.35
11,20.10091147,113.2167451,60.03336734,84.85296167,144.6301763,219.0772621,0.36
12,22.12624606,71.61941553,66.40938268,69.74838616,102.592833,213.1227647,0.36
13,21.82224749,69.08543018,63.73678831,85.42823529,137.770105,249.9409783,0.37
14,26.28814049,74.90705503,59.2054902,82.03445494,148.5109695,221.5414227,0.36
15,27.48985683,67.11753187,63.08176113,70.06036809,154.5678614,235.0716834,0.38
16,26.67292388,70.50034689,65.59078233,85.42823529,162.5438921,232.1746535,0.37
17,32.50309525,65.49143121,64.79095256,66.42746773,146.7238233,265.0975737,0.37
18,23.2598754,46.77172804,59.2054902,72.26814686,173.1183343,258.8519773,0.37
19,30.06175274,103.8366649,59.69467943,71.02034081,133.560058,253.5877594,0.37
20,28.96809437,118.1473128,59.2054902,85.50300353,134.1432873,286.0050695,0.37
21,23.12438014,114.1429116,59.2054902,85.40916058,134.6794673,213.1227647,0.36
22,18.48156863,113.3198092,56.47930441,88.14504578,113.7410994,191.6217692,0.38
23,23.18485148,104.6021636,57.80845083,94.57941904,132.5702605,188.0822537,0.35
24,27.41943676,104.2167932,57.19410686,86.79330501,109.8815376,183.9164027,0.36
25,25.92825764,93.17175216,59.41919025,90.30159092,110.5284125,189.8396382,0.37
26,25.14451096,104.5539813,58.40101215,85.18693456,102.6935396,187.1784891,0.37
27,27.76745384,94.51370698,56.86470724,85.96250597,128.6665431,191.053434,0.38
28,31.49843811,98.01858752,58.69902059,90.31007045,119.8344685,198.1994418,0.37
29,24.90309796,81.96246959,62.84448667,88.43753011,108.3656495,203.9790851,0.36
30,18.48156863,84.82650852,59.2054902,82.98323261,132.2388283,183.0257238,0.35
31,18.04215984,63.40141267,60.81392219,85.31386259,106.4026964,196.5693447,0.36
32,24.8262377,70.88584442,61.10771647,84.54195576,103.8328613,205.366816,0.36
33,23.72665484,71.86351119,60.87504748,85.1865349,92.8822499,208.9461348,0.37
34,26.20600361,65.15963646,60.81647006,85.1652896,127.0031834,201.8697763,0.36
35,18.73325971,67.96939973,61.25841983,83.22987683,122.6174884,210.9351559,0.35
36,19.36643528,66.27476896,59.2054902,81.21565937,131.8192762,226.5698007,0.35
37,26.44393136,55.83848654,57.43901721,77.92789067,135.2815738,214.253,0.35
38,18.48156863,48.20655076,62.05668684,75.01021017,127.7999158,210.5904323,0.34
39,19.41299459,74.29048685,68.75409621,66.53597213,139.9895566,226.2813538,0.36
40,16.99828264,122.3664201,54.13336456,69.99745517,156.7140538,243.1464246,0.35
41,18.08433632,106.1307232,57.51375517,85.42823529,124.1758824,277.9273531,0.35
42,21.10100133,115.4901258,59.2054902,71.79914833,137.486676,269.6628274,0.35
43,24.5920953,112.6745175,56.78595644,66.71119179,149.1889125,258.1552586,0.36
44,25.64362675,110.6133747,59.18299075,85.42823529,119.2438986,287.3368323,0.37
45,24.56629609,113.4509835,58.06358355,69.34542273,179.7439266,260.1912937,0.37
46,26.10590093,109.5838848,57.6240737,66.03294191,150.0844661,298.4888909,0.35
47,27.11460399,105.8570341,57.5173771,82.78828091,127.0313965,206.857073,0.37
48,18.48156863,100.9732527,58.11819278,74.73785863,129.5001666,207.4195777,0.37
49,18.73315841,97.62275721,57.03354469,72.37398882,96.20373433,221.4078499,0.37
50,26.73454849,79.85150226,59.23729032,75.21999428,124.1758824,210.0893599,0.37
51,18.48156863,66.62013263,63.76020789,66.25416141,152.6691206,251.6668891,0.37
52,25.3099575,62.33260952,56.31765054,66.49368538,134.8904714,251.2279481,0.37
53,27.42352004,60.87368395,65.89803557,85.42823529,128.1236757,248.7585612,0.36
54,26.43536936,55.51589651,58.37245169,75.79131505,139.2582924,271.0856734,0.37
55,21.84804155,73.34854147,59.20296477,64.80961033,151.6016842,234.3226618,0.38
56,17.52942914,107.9957636,55.33060834,69.2907527,137.7639526,293.0425332,0.38
57,26.85280762,112.5282345,57.29036286,69.90046594,135.9798812,224.2520003,0.38
58,18.48156863,99.28623354,58.87979508,66.11408628,118.2357024,292.8650023,0.39
59,23.80155308,86.21834585,59.05182389,64.67757527,152.1958656,277.2538726,0.38
60,22.80951548,82.02501341,62.43456228,85.42823529,155.3366366,306.9090013,0.36
61,18.48156863,79.36529029,60.51339151,84.35010664,118.4223254,212.1698774,0.39
62,20.32521429,75.67126563,62.30615443,79.6834366,136.1563793,196.3691874,0.39
63,18.48156863,64.70884013,59.2054902,80.26524894,132.4806855,212.4435848,0.38
64,22.90038365,69.8202951,62.52528453,75.10412116,134.9260033,190.9065675,0.37
65,18.30054045,113.2167451,59.2054902,85.42823529,160.1146238,192.8701506,0.36
66,19.11032029,48.02479939,73.11696006,79.26218492,127.4252267,196.2212437,0.35
67,18.37611228,72.23321908,58.97691676,76.29838829,128.5649349,197.4130976,0.35
68,16.96415515,69.3785491,59.67341277,70.66661434,151.0344958,199.7790921,0.36
69,18.90117982,71.7691367,59.99630415,70.48928258,149.4235922,203.6417967,0.36
70,19.69141565,63.2167451,61.64834441,68.30668277,176.5516953,204.1227644,0.35
71,19.87900389,73.2167451,62.19067979,71.35171978,115.2049968,206.7439937,0.37
72,20.77409264,72.76907539,64.91613621,63.86725382,124.1758824,207.0810949,0.38
73,21.485581,67.15357833,58.61613393,64.47099313,133.055433,209.2347797,0.31
74,22.03371975,63.78084023,74.11081725,66.74719496,173.646817,211.0085119,0.34
75,23.48263489,63.93803818,69.82429933,64.51937416,151.0216784,212.2724638,0.32
76,24.98755379,51.03850712,70.00658548,63.79164257,173.2566287,214.51469,0.34
77,25.55216679,53.35426659,75.03106557,58.74880561,188.8937315,215.9917367,0.32
78,30.80888261,113.2167451,56.88482537,64.67757527,152.1958656,217.2538726,0.38
79,20.83023941,99.39595799,57.83698401,85.42823529,155.3366366,214.9090013,0.39
80,24.14993363,98.68286009,56.30418286,84.35010664,118.4223254,212.1698774,0.38
81,34.81145976,92.56725149,61.84008752,79.6834366,136.1563793,196.3691874,0.39
82,20.50877287,85.84490457,62.0066737,80.26524894,132.4806855,212.4435848,0.39
83,16.65846477,90.98900487,63.13001214,75.10412116,134.9260033,190.9065675,0.39
84,20.78613153,102.80047566,63.15446716,85.42823529,160.1146238,192.8701506,0.34
85,22.83689183,104.48363347,59.7667205,79.26218492,127.4252267,216.2212437,0.36
86,24.82170861,107.70238362,60.85194815,76.29838829,128.5649349,212.4130976,0.32
87,24.59101679,103.94445801,59.2054902,70.66661434,151.0344958,213.7790921,0.32
88,30.84378171,108.69131368,59.2054902,70.48928258,149.4235922,214.6417967,0.35
89,27.7156225,115.13335228,60.70491628,68.30668277,176.5516953,213.1227647,0.32
90,20.89390918,122.39479732,61.34988997,71.35171978,115.2049968,214.7439937,0.33
91,19.89824982,110.24637386,56.59978984,63.86725382,124.1758824,211.0810949,0.33
92,24.92854127,129.61775264,59.2054902,64.47099313,133.055433,214.2347797,0.34
93,23.10918674,126.36279511,59.86207344,66.74719496,173.646817,213.0085119,0.34
94,21.40877604,120.3026093,60.81368432,64.51937416,151.0216784,212.2724638,0.37
95,19.67345866,132.9754857,60.29712986,63.79164257,173.2566287,216.51469,0.35
96,27.11929992,122.6351899,59.2054902,58.74880561,188.8937315,216.9917367,0.35
97,28.81983954,129.3519737,56.31394455,94.54247272,114.3751162,185.5696334,0.35
98,24.78370235,113.2167451,58.36435423,80.13558155,107.4034033,201.0811053,0.33
99,21.4458449,128.2241912,59.83512324,83.85268358,126.8681451,182.5567339,0.32
100,25.69099671,122.6747967,56.92850507,84.79403879,113.4686581,195.9162621,0.34
101,30.82270986,123.170244,58.19501234,87.54276226,122.315028,191.6084954,0.34
102,18.48156863,128.5715631,58.51295517,85.42823529,124.1758824,213.1227647,0.35
103,19.69119693,115.7459784,58.09192138,85.42823529,94.15198224,195.3592724,0.34
104,24.15123153,116.701436,57.67857409,87.43399351,125.5758449,198.0083037,0.35
105,26.39195268,125.7623502,57.81103497,90.08974981,132.7686381,193.2202501,0.34
106,21.70401734,115.3986994,58.26416978,85.82018656,109.6294117,195.013132,0.36
107,27.15578943,110.9700496,58.61215274,82.57167607,115.9320992,194.9355183,0.38
108,18.97187595,105.5292447,56.68712144,83.10028804,105.1112506,196.9206696,0.38
109,28.88817301,86.06591762,55.76410635,86.03645273,119.5609178,199.6450444,0.27
110,23.91346574,73.60967551,64.13943088,90.06904792,132.6652896,192.6947645,0.13
111,16.13531434,113.2167451,68.05450748,87.00356018,149.4854721,198.1813958,0.14
112,24.21610575,73.08213885,59.2054902,85.27475811,138.2522917,199.8294477,0.15
113,30.44145343,67.7923537,68.81710685,86.4532469,143.5075235,194.4492252,0.13
114,23.73916632,113.2167451,63.32395071,85.72848571,113.1846745,202.3291115,0.13
115,31.38785584,115.2003998,60.01994241,84.0056989,101.6476416,210.5224814,0.26
116,27.98138893,112.2455426,60.88133693,78.07623371,162.1896784,213.9053139,0.41
117,22.99800618,110.9968121,59.39660463,79.44888527,176.3887798,212.8969568,0.44
118,19.08627383,112.3372293,59.51240354,84.91461787,112.8206165,213.3917929,0.45
119,20.8933943,90.96783647,58.8485996,85.42823529,98.26732134,215.6928135,0.48
120,20.80378719,89.47602173,59.2054902,83.70237741,125.4623626,216.9450286,0.59
121,25.14729364,89.71063266,59.04496564,80.52639133,118.5286419,218.6579942,0.6
122,23.13026509,92.13652692,60.80919651,79.40440832,109.9106494,214.6462061,0.66
123,25.419341,89.19319544,62.08786442,77.69914787,124.1758824,214.4234319,0.69
124,27.30005958,81.86540807,62.87837945,76.74274569,108.0884896,212.7067731,0.71
125,23.96930886,72.50675696,62.7205635,74.00225422,111.0193202,225.1497853,0.85
126,25.24227352,59.68317895,65.6740973,73.87078768,121.924052,219.5275723,0.89
127,17.23172396,68.72418676,63.09532101,73.21361153,128.1383953,221.7418583,0.94
128,18.48156863,78.46570916,60.25526889,76.6220972,126.0393192,220.5721165,0.97
129,18.16886505,67.45080388,60.83177599,72.25246512,120.8740632,222.1694689,1.02
130,23.90112652,94.02613115,63.17219918,85.11474483,124.8588564,201.1897757,0.63
131,18.48156863,113.2167451,68.25861875,87.22770411,153.7851098,191.7061917,0.61
132,25.34166928,111.95199236,56.15470515,87.69617361,122.556638,198.8940347,0.61
133,18.48156863,118.38789785,63.54504788,82.91725649,130.701762,194.7787767,0.6
134,23.19196337,126.4055218,64.53246023,88.54230114,137.2929046,188.240726,0.63
135,22.70146591,129.9365137,55.17569154,83.6234186,142.2197995,196.7077078,0.64
136,19.49001708,121.4284511,57.32017392,83.79856693,124.1758824,203.297274,0.61
137,21.87160844,131.1295097,57.59764513,81.77437241,125.4450612,218.4618075,0.68
138,27.57450609,134.2032248,57.01902059,77.47144308,129.2707117,201.7906219,0.75
139,23.1640976,139.1032303,55.89805018,82.86939351,161.6369961,210.3897917,0.76
140,27.90591703,141.6871529,56.72911715,76.58040455,113.3791479,201.5723131,0.69
141,25.80069601,136.6880711,55.41544454,80.06682856,161.4001949,214.18541,0.66
142,17.80819661,130.9522803,56.96702966,68.52956951,157.2797414,222.6009932,0.71
143,17.07373816,120.1587646,57.70048795,71.16490112,144.9969567,239.6155057,0.63
144,23.15678042,122.8734135,58.17248733,62.82455062,167.2684455,217.5827515,0.62
145,21.28681336,113.2167451,55.96535932,75.0276337,131.1822287,271.3059722,0.62
146,17.21527194,118.1619221,58.75972365,71.94929855,177.5672214,286.5933334,0.65
147,20.15814078,120.4411854,58.90466343,67.8319591,143.1535319,252.7832204,0.67
148,23.87118608,114.9639007,56.78796883,63.36557984,118.4280742,229.2208334,0.68
149,27.43857152,119.2610111,57.0330042,85.42823529,143.0982386,260.4661315,0.7
150,25.41923916,113.2167451,56.95359369,85.42823529,136.5394598,202.1359064,0.68
151,18.48156863,89.30730661,59.73546131,85.42823529,128.2426982,194.1542631,0.71
152,25.41908207,90.52530508,59.94439968,82.73084923,125.4179207,200.4700412,0.88
153,25.02476326,85.90716195,61.0755434,84.3420228,106.7995967,199.3433997,0.91
154,25.17718912,77.10990863,59.61870811,84.29234072,114.8502806,192.9448728,0.85
155,25.81547448,77.70373537,65.28324912,85.39775629,126.4470449,207.1114657,0.86
156,20.37,68.18346096,66.5725339,81.31517887,119.7422872,214.7224682,0.99
157,20.16,79.86582107,66.03977961,80.2108622,113.6621974,215.7645612,0.91
158,20.06,60.19612001,62.91755638,76.35666932,116.9420325,215.3528377,1.09
159,19.97,75.52252573,59.2054902,80.87864992,165.5685805,221.3819084,1.09609216744186
160,17.91,132.6167463,57.90725982,71.54688005,155.3240214,224.6630724,0.952953852307692
161,17.79,131.5959396,58.75162864,70.10170967,125.8135869,236.1686236,0.891676066428571
162,17.94,135.9612008,57.45154678,72.26998718,124.1758824,234.2053711,0.865401649444444
163,17.97,134.2270895,57.90000134,62.73619236,124.1758824,262.3115234,0.900610698947368
164,17.97,126.3363981,56.48665632,77.26218903,127.7354149,216.8375993,0.880597130181818
165,17.96,126.875645,58.58464669,73.85642666,146.1412504,223.8338524,0.876456393448275
166,17.37,121.1870976,58.79386011,73.31156807,148.3162997,228.9917899,0.904121841754386
167,21.84,118.7207073,56.77932585,66.90233067,119.8760282,238.8092949,0.902335997241379
168,21.66,117.7071285,59.2054902,66.98116147,148.3537665,254.654172,0.893939504
169,21.61,115.1430991,58.68583142,62.74091688,130.4841157,220.8100301,0.90249876245283
170,22.74,106.0978421,58.41694392,61.4615374,197.0374133,224.0817123,0.881632314482758
171,21.51,106.3955158,59.78208861,70.76376448,143.0759243,293.1250445,0.878181700862068
172,20.86,109.4523454,57.27490601,66.81710406,156.4592752,267.4772034,0.871280472931034
173,20.65,98.00851061,58.73666825,67.72864977,138.8837763,290.7488648,0.851424822372881
174,20.73,90.10549261,57.02991707,79.99623728,132.5530748,195.8149144,0.861988030701754
175,20.57,78.35592517,58.5850207,76.56092503,153.2252628,205.4848148,0.88329126326923
176,22.1,83.15984272,59.2054902,73.44083521,131.2040753,213.8131444,0.905614080833333
177,20.23,64.62386062,57.66593256,77.61272097,123.430431,217.3002666,0.590106028235294
178,20.03,74.66651253,63.69987002,76.93897588,146.8647277,216.9953012,0.698719405263157
179,20.04,76.70946148,59.2054902,68.03952427,77.16929643,237.742092,0.698550598076923
180,19.94,73.40149758,55.82669505,72.05310142,111.9801511,253.753808,0.70418120074074
181,20.08,102.7797088,57.66803849,69.85484336,111.8945927,233.9336699,0.698655567090909
182,19.78,90.2496559,57.19545441,70.88376107,118.8847443,249.7558901,0.700474981923077
183,19.74,93.76097975,57.15050084,65.17390274,135.5417601,252.416513,0.702802143023255
184,19.76,69.38377896,61.2807073,64.81675255,193.1091094,212.4495501,0.6924695522
185,19.92,76.36797281,63.54744427,85.42823529,165.6646696,267.6421654,0.660447835999999
186,20.45,61.63854789,59.50484903,62.78131058,141.1468443,239.146987,0.658780038333333
187,20.32,68.54298895,58.05252622,61.77323403,145.3716551,262.6417398,0.646271555833333
188,21.12,65.67103267,63.91481571,87.59255632,117.1318342,198.9060859,0.690664405490196
189,19.6,74.07026553,59.2054902,83.69752454,118.1407424,201.3981857,0.668874603157894
190,19.6,68.25864357,60.90774229,80.53286211,116.6109291,198.2349393,0.678237679166666
191,19.59,52.89145708,58.78466374,83.75463271,123.3937348,198.7443774,0.672870053103448
192,19.71,56.95136936,61.21955412,84.69617909,99.82725162,199.3369186,0.679627509166666
193,20.91,76.99457607,67.58781971,85.29564196,129.8885043,189.4457581,0.676822576727272
194,19.33,49.7570118,59.2054902,84.55266926,132.3425235,205.6644654,0.675896909122807
195,19.28,108.1934012,60.93708173,79.43798129,118.671158,202.3535028,0.671884162857142
196,20.43,129.2401283,55.09743769,81.56470256,135.665226,209.9731575,0.66754125392405
197,19.27,120.7001679,59.2054902,79.65086054,142.4554018,220.2950945,0.725491949558823
198,18.68,120.1646447,58.3183785,67.53242669,134.1969802,224.617471,0.79669411576923
199,19.23,116.9139705,58.99996161,67.78992655,135.5117883,221.1920156,0.7421699425
200,19.21,113.2695893,58.95818692,69.68925258,118.3441333,224.6879596,0.734873324062499
201,19.11,108.0997645,57.18820966,66.27382617,169.2337365,226.56845,0.736863311666666
202,19.0,107.5340745,59.7409868,65.46831308,158.5211679,224.2005951,0.731643678196721
203,18.94,99.62895004,57.88554589,62.44935152,149.3748656,228.3146125,0.672956329125
204,18.95,89.82266955,59.24020186,85.42823529,129.5302217,233.1227647,0.694373281829268
205,19.42,76.11221677,62.00100087,78.1984614,136.9304014,234.1874675,0.710776085588235
206,18.48156863,56.6959931,59.2054902,70.6389947,130.6980814,216.622799,0.685313183030303
207,16.63184616,88.55365247,64.80607833,76.52328843,152.0563922,212.5981644,0.651126446438356
208,17.61337007,55.5875839,59.2054902,78.11037966,112.9479644,213.1227647,0.679248464999999
209,16.14617363,55.96392177,71.32060212,72.73067522,134.1428743,213.1227647,0.613530774426229
210,17.38803343,64.89594055,65.25286899,73.26661076,119.1275498,201.0861625,0.632736737384615
211,18.7918337,61.53273545,58.06242298,72.31897264,123.8877803,224.3324399,0.646339908196721
212,16.6228378,106.3713534,55.562314,68.40025098,138.641294,263.7908879,0.632736736307692
213,19.30311479,109.5677202,59.21085818,72.42335289,159.2657151,232.0583621,0.605865367636363
214,18.22425367,98.87110872,59.2054902,70.09916892,153.867046,239.039824,0.575775034
215,17.25208511,103.2402223,59.2054902,67.7231464,133.0833303,277.1779497,0.565089055294117
216,19.59926549,115.4100641,57.6049467,70.02638238,188.5217797,178.3033922,0.549552966721311
217,16.92120625,105.5363832,55.61870277,85.42823529,123.0501313,219.6455546,0.595641984761904
218,16.22990257,85.02781188,59.54745358,85.42823529,120.5646435,201.3028603,0.563093684576271
219,16.97032669,79.79836271,60.49483659,75.45422176,109.0502489,177.3482233,0.544984926153846
220,18.9987729,79.56750769,58.17795008,86.93328886,124.1758824,191.976394,0.52633092012987
221,18.48156863,63.56797304,62.12300362,84.46874057,126.7219448,180.0439085,0.400271418767123
222,24.62941198,59.27991567,65.4012762,87.07423428,133.3612277,201.4045661,0.123272001449275
223,24.17394688,61.06341704,59.2054902,85.13993909,120.9537059,189.0953242,0.123272001449275
224,25.05672638,61.71036402,59.2054902,88.03212836,143.4166684,196.0543269,0.140095004
225,22.37662841,64.01336562,63.98128408,88.46403252,124.1165957,209.9183082,0.132033981944444
226,24.35221474,113.2167451,58.7038987,85.26379827,150.4088618,215.0707857,0.132966882465753
227,22.22717048,108.211422,56.5372162,81.01924834,126.056759,220.2996991,0.125437176619718
228,24.52912513,117.0362834,57.12672048,73.34559841,125.4411317,220.1290725,0.131074802535211
229,19.6106315,113.2167451,57.73532441,74.910595,143.1187604,210.8854515,0.138121834929577
230,25.68119965,110.3056684,59.2054902,70.76726393,149.0425847,203.326296,0.116980737746478
231,22.72176503,106.2447419,57.5261144,69.17303994,146.3927414,215.2401105,0.120371483768115
232,21.03725004,96.34403334,56.95172931,67.13616332,164.0458978,227.574003,0.148672249142857
233,16.29115219,113.2167451,60.75016321,59.77573021,136.0810925,205.7052458,0.124027770140845
234,16.04950856,101.7510837,60.43385866,64.70527875,127.4050822,219.6087824,0.125437176619718
235,17.97296021,84.90147228,59.89029249,90.09053779,121.8107758,166.072561,0.127229136285714
236,16.54457249,74.39470294,62.42611376,86.71594142,114.1365552,180.1412837,0.134376840571428
237,16.56063667,113.2167451,65.24291508,90.79603311,99.65270913,183.1847755,0.123694993611111
238,16.01207569,74.11571947,64.21872553,96.1185261,110.2334803,188.4447968,0.135806381428571
239,18.48156863,67.03603792,61.32713769,95.66791384,112.3165297,179.2642833,0.127864487777777
240,17.53142115,72.7865193,62.53132216,92.79066963,105.3992885,186.8106874,0.129817764324324
241,15.87371352,57.74311044,55.45458687,98.39215067,114.3686392,191.2179514,0.107765387692307
242,18.56610941,51.20283513,63.62610934,95.3991618,104.5706794,194.7955917,0.142954085714285
243,18.04754122,58.06426505,64.20831038,100.2521931,114.1488628,190.6755311,0.126846583098591
244,19.88838369,110.7683628,59.2054902,96.22625503,104.6835498,187.8149429,0.133893615492957
245,17.19641899,113.2167451,61.55662133,92.48090797,106.3278354,194.3225306,0.147322127222222
246,16.33739096,110.2685948,59.81280474,97.06380466,105.6416085,195.5940856,0.125458212537313
247,20.52550211,89.7409503,56.58907585,85.42823529,110.3069958,190.2299352,0.113966173888888
248,21.61641991,70.1158342,62.06178323,97.77751008,114.95743,197.0352474,0.143152633055555
249,18.36896748,67.73343384,59.57912832,97.97189014,124.1758824,196.4112201,0.156166508787878
250,25.46621314,51.51632343,61.54049762,97.02376253,115.4421896,193.5130522,0.113966173888888
251,28.97219499,89.00673711,59.2054902,94.40119754,115.4575876,204.1701776,0.130644150555555
252,18.48156863,50.1269128,59.2054902,92.76317844,103.5879898,201.5497684,0.111840549411764
253,25.00222558,41.55237509,62.95090934,88.98783224,111.9634637,193.4731682,0.126474656388888
254,18.48156863,62.51416779,61.04577565,90.68312059,121.1591126,203.0217874,0.129254319166666
255,17.53636186,113.2167451,66.60693793,85.42823529,111.6611062,199.775947,0.144542464444444
256,21.67659495,57.92596252,59.2054902,88.38246761,103.7675485,201.2024748,0.155661115555555
257,20.60939638,66.21411437,62.97104242,90.95120094,98.81697941,200.2482244,0.122305162222222
258,23.35017939,117.2375952,59.7422887,90.46092888,143.040203,198.4649127,0.421876977727272
259,24.67990642,121.6330147,58.55139375,88.78992941,130.5946254,197.8820299,0.66538625038961
260,26.44223911,116.2963805,57.51484029,87.01646253,126.6071771,200.9528681,0.678237679166666
261,22.08900549,113.1701534,57.02989452,90.18437475,129.9093895,205.067861,0.692135992361111
262,17.77937286,126.4303715,56.47673746,84.9842513,135.8290463,212.4260498,0.821390315416666
263,16.75468946,113.7452911,56.89198462,81.8727581,98.4564183,201.1742659,0.696626225641025
264,15.38845694,116.0400369,59.2054902,82.73056443,116.4218208,208.6327984,0.667119026666666
265,17.06894688,113.2167451,58.20928819,82.2679901,117.8638026,218.8951717,0.674068184999999
266,15.70297356,115.3430744,58.97042928,77.9456367,124.1758824,213.1227647,0.676515086056338
267,18.07634242,103.0087606,57.21635058,76.97397911,153.4314458,220.5503792,1.10846979771812
268,17.58088766,109.440487,58.18769012,80.18221185,144.9527722,218.8628089,0.165557297172774
269,17.27712419,113.7452911,56.89198462,78.40750654,112.783245,233.4342417,0.136712428450704
270,17.69518011,116.0400369,59.2054902,77.8094856,124.35531,218.0807833,0.145932295833333
271,18.54393479,113.2167451,58.20928819,70.49594883,153.2632394,227.6096097,0.145168867323943
272,20.25781863,115.3430744,58.97042928,78.40750654,112.783245,233.4342417,0.155034712676056
273,24.99577835,103.0087606,57.21635058,77.8094856,124.35531,218.0807833,0.0903390402777777
274,26.50011141,109.440487,58.18769012,70.49594883,153.2632394,227.6096097,0.108524298873239
275,22.58706769,116.4511026,59.2054902,85.61324229,114.637733,194.4075041,0.76123924
276,26.37085482,124.0705613,59.2054902,85.46977292,118.8838935,194.2037543,0.384285729
277,25.88664533,117.8206591,58.10828173,82.52406037,130.6263897,186.9638915,0.279855071
278,26.71427293,118.486685,54.70199187,93.69980778,125.0119513,187.4054276,0.359501926
279,24.9550203,129.3150712,57.05780594,85.42823529,137.9026258,189.4541286,0.147577458
280,26.12527295,127.8443597,56.71733659,87.4070104,91.51253286,188.5784465,0.232094509
281,18.96754207,126.0803202,59.2054902,86.04132476,133.7805249,193.898919,0.348007719
282,16.19674881,123.2536199,58.68345602,88.8880325,103.107946,197.7757371,0.365525034
283,16.5211134,113.2167451,57.66998279,89.78387669,134.4615803,190.113412,0.462244011
284,16.65826705,116.0887253,59.2054902,88.74972367,114.6050025,199.934861,0.302760594
285,16.69333814,110.9049318,59.2054902,89.06825252,136.9888356,197.0354298,0.290585423
286,16.23345188,113.832117,57.73176957,85.54201105,129.8446875,199.3192554,0.442997263
287,15.83439123,101.6190105,57.62826369,86.87491268,131.4032509,198.9119031,0.520773055
288,18.48156863,111.9874169,57.53122074,81.80581027,119.2807184,210.3786068,0.763269825
289,15.98199305,97.89167664,60.22307215,80.98924784,147.0231979,214.7783021,0.584736037
290,15.54446448,81.5260661,63.97956191,77.80416815,94.2722623,217.3973707,0.813911036
291,16.57236405,141.6290859,57.57403221,94.68939596,106.8787279,191.2378326,0.207042212
292,17.60357796,140.3642608,57.60802791,93.66674966,106.6060289,192.2186505,0.208105627
293,17.17541526,132.8178742,58.60933077,98.47355196,124.1758824,201.1496599,0.374746676
294,16.4158721,138.5582964,57.40011555,94.41870219,92.31180665,199.8975379,0.345183067
295,16.82281384,136.9589393,57.86251588,97.42825933,124.1758824,190.4049546,0.253594133
296,18.48156863,134.1570531,57.87168428,93.96528754,117.1390581,198.1628359,0.248819403
297,17.50806952,126.3012496,57.94526535,92.28724254,124.3096163,196.2248514,0.212570723
298,16.73833765,127.0476494,57.82809935,94.05919786,115.1758793,191.3472316,0.233711744
299,15.76144064,130.1470588,57.39941811,94.38448323,112.807809,205.570903,0.356454282
300,18.24078595,123.69159,58.49228064,92.19201114,117.1097669,194.6264484,0.426307286
301,19.36868662,120.3603737,58.10300472,91.05298432,106.3225657,195.9729212,0.424560791
302,18.1863035,124.1236631,57.86586321,92.10149142,97.73402886,203.8577868,0.345575745
303,23.12104602,129.9739087,59.2054902,90.28238657,102.7282997,197.927013,0.282808882
304,27.10466013,127.2677323,57.02058134,93.8391027,118.5897487,200.0714753,0.391316702
305,19.53726651,124.8190966,57.62197067,91.01844895,110.6277222,192.5016611,0.294378202
306,22.95615661,130.012871,57.17229581,95.21610085,117.3062892,187.5316929,0.311881974
307,17.60350848,129.2062366,58.75391262,95.86625106,126.4115415,199.7979978,0.205759555
308,17.83373878,121.785525,57.85596142,93.68521707,130.9648871,192.0290712,0.723766667
309,18.30837209,121.6859234,56.70771532,93.21870317,112.8556927,202.4858132,0.291897003
310,18.78291114,113.2167451,58.30524826,93.60956796,127.0355972,203.4047409,0.427103457
311,16.17550903,122.0550487,56.60860795,86.94959498,135.2344135,208.3500732,0.444946602
312,17.05840094,106.7147748,56.52809904,88.11959621,105.4171791,196.2184643,0.448575102
313,18.48156863,113.6094153,58.7600098,86.01318605,111.6887685,204.5787258,0.529446908
314,18.19635502,104.3346426,57.79178373,84.45849527,115.5929511,201.0088233,0.601761217
315,16.96132958,101.9450523,57.92396767,84.30520477,141.4103111,207.0036103,0.52110331
316,15.31222505,105.6476895,56.20064751,80.25251512,138.5046554,209.4764482,0.776246989
317,17.40108714,96.01100915,59.57862957,81.56601384,129.7489416,202.8628288,0.967588649
318,17.96228998,89.46976992,58.97477304,75.2126925,168.9028681,236.5680757,0.846125249
319,21.10958012,85.18255739,62.29666421,76.03386385,129.0135276,231.5884243,1.339418977
320,18.84639335,77.48103586,60.75722835,73.39086807,142.5410186,245.7107323,0.914515605
321,20.84958272,62.32637219,59.2054902,73.19805925,156.2669063,242.5725098,0.723766667
322,15.87621858,81.17786056,56.02345128,85.61324229,114.637733,194.4075041,0.804124161
323,15.86716527,66.07328215,55.45211904,85.46977292,118.8838935,194.2037543,1.031586267
324,16.2540656,56.2542116,55.87773202,82.52406037,130.6263897,186.9638915,1.347027745
325,15.97988911,66.49272128,59.62139651,93.69980778,125.0119513,187.4054276,1.026952989
326,17.77522106,109.4665781,59.27938862,85.42823529,137.9026258,189.4541286,0.987747668
327,17.83802425,90.7937868,59.73397446,87.4070104,91.51253286,188.5784465,2.222752638
328,16.73675049,100.7247188,59.2054902,86.04132476,133.7805249,193.898919,2.436829975
329,18.30943178,78.37632038,57.60049315,88.8880325,103.107946,197.7757371,0.318459362
330,17.03346329,76.09796233,56.93711724,89.78387669,134.4615803,190.113412,0.723766667
331,18.73560964,113.2167451,57.71272528,88.74972367,114.6050025,199.934861,0.723766667
332,17.25492385,117.2929801,59.84230576,89.06825252,136.9888356,197.0354298,0.327311254
333,17.99214766,133.7499791,58.59560904,85.54201105,129.8446875,199.3192554,0.627156017
334,18.48156863,113.0411031,61.00966099,58.80059413,169.3177087,243.0790659,2.592776023
335,18.30928118,121.6321602,57.12766394,64.75305401,123.1020614,245.613414,1.699336991
336,18.48156863,116.6996417,56.63655999,68.13791977,124.1758824,263.9896888,0.872325587
337,16.99163323,128.8924957,56.92411393,73.45689372,159.0863913,271.0001186,1.123763479
338,14.91699348,127.708022,57.14724805,85.42823529,125.1863881,214.8821107,1.882821839
339,17.52627785,119.1915561,58.183712,81.07167847,136.6701951,205.6807879,-0.016228175
340,18.0882987,125.7138645,57.75701669,80.09294763,141.5550655,216.2497296,0.723766667
341,17.76982363,124.1735247,57.1497036,76.20170871,141.0335083,204.3972367,0.364019793
342,17.95625274,122.4863084,59.77097077,73.91680289,126.406457,223.6461662,0.533313079
343,17.92012481,102.0917702,57.78203208,71.55824784,142.3749095,231.1731603,0.490756525
344,19.59953472,109.3908214,57.88851212,69.61340875,135.720641,210.2034903,1.37480604
345,20.55655462,98.9450474,57.36228963,60.32061584,124.1758824,162.1692827,1.044247848
346,21.12534528,105.3379716,59.2054902,72.36568103,170.1236062,270.6854652,1.702156134
347,21.30317128,100.1030969,63.79353361,67.71625974,158.1411002,287.8581707,1.661433584
348,21.77668679,100.2381351,59.2054902,65.36308231,146.1312594,248.2614413,1.003047994
349,20.77967509,96.81626926,60.28513666,94.6051267,150.8472014,209.7298521,1.40905103
350,21.89876323,90.4862172,62.28693913,78.57307365,135.556521,213.1227647,1.855569615
351,26.74411803,81.24770378,58.61258914,73.69038561,146.2679093,229.7578811,1.063760055
352,23.98702492,80.99258499,59.06368298,68.49498072,155.7701267,219.1532629,1.695218408
353,26.18208895,57.49192458,59.59029628,70.64822063,145.8446353,222.3701611,-0.024915865
354,18.48156863,75.10512386,59.2054902,69.50713139,124.1758824,278.5896022,0.281823513
355,18.48156863,71.10265097,62.02035123,85.42823529,139.5623443,236.2860492,0.723766667
356,17.52582113,59.45994196,63.40494251,67.62641814,165.2129687,283.2657424,0.211974921
357,18.23303243,86.71980997,58.33345493,68.37188899,163.1722114,214.8487591,0.243528193
358,18.45409099,75.86779606,57.12460226,63.56909658,185.7153228,330.6339204,0.20809466
359,16.19713232,72.814053,57.84240579,71.24066517,143.5890695,213.1227647,0.723766667
360,17.27578607,65.67816794,61.68627002,84.2114143,110.4648097,213.1227647,0.128159315
361,16.25759527,60.87309497,60.14614141,74.42555487,118.4267137,214.1996071,0.310722303
362,15.59649625,60.78394436,62.77382518,73.93384037,134.6906266,225.927923,0.335486926
363,18.32923925,101.7386147,58.15289965,69.85140747,124.5575305,233.2289835,0.288070812
364,18.08692599,93.54474929,60.02014814,72.69070475,165.1192061,231.5988275,0.231135666
365,21.37538285,78.35365296,62.41186805,67.43760365,143.901586,217.9389265,0.138869671
366,21.85000789,81.28879674,68.96635617,64.14687942,136.0590031,258.2697661,0.363433173
367,24.07295312,71.58890156,60.62082439,66.54902879,138.4041212,256.0033064,0.241879688
368,28.90434038,72.02426872,59.37528696,62.15505206,149.1048036,232.2587379,0.423246889
369,23.18610008,68.69803699,65.71875038,85.42823529,177.436479,270.7058689,0.377585228
370,20.15600362,60.58439183,59.2054902,79.62714531,158.5017382,199.6118248,0.362683575
371,17.89516181,43.85714039,59.65432417,80.1281094,125.5129841,200.3580718,0.352530024
372,16.29113066,110.565134,57.3630421,79.08241585,140.2703231,213.4250401,0.31040359
373,18.2244313,129.6907766,58.81203656,81.00822806,136.878212,215.467661,0.55729348
374,19.37082306,110.6944869,55.63542523,77.54194512,117.5733462,205.1885314,0.660758428
375,19.20768955,110.8621713,62.40468491,75.58851022,138.1747424,234.0742823,0.89159557
376,25.53813965,94.94635778,59.38986021,69.48906626,137.9303052,236.1451841,0.723766667
377,28.52254875,81.74203586,59.2054902,69.14790425,143.2103174,253.7784595,0.757275767
378,28.70262371,69.53095471,63.82118962,65.91340371,133.4468828,243.8004457,1.366468231
379,27.42949058,84.949369,69.65036101,65.76671912,128.5391343,249.3606859,0.820302758
380,18.48156863,113.2167451,69.23969431,68.56971981,191.5692239,247.9583462,1.308601532
381,21.89951997,63.12170505,59.2054902,65.21767148,112.562153,262.725695,1.293246115
382,28.05128356,81.54863697,57.75905275,85.42823529,177.6064852,303.4090241,1.540908572
383,16.39030162,66.2300617,63.4511722,68.43283449,113.8484617,195.9960264,1.551959626
384,19.80093104,63.50234596,58.24534931,69.91281,156.6221565,270.2871416,1.484168999
385,20.93682235,113.4133532,59.2054902,66.20673501,177.5015484,267.4181582,0.723766667
386,20.69708725,102.20683,59.2054902,85.42823529,114.7769629,183.5253628,0.336816998
387,24.81827102,113.2167451,60.4958122,64.59530453,156.8934829,267.5160844,0.603615306
388,22.16517671,109.123094,61.28788396,87.89526095,130.9964165,208.0724798,0.430435484
389,26.2742282,113.2167451,56.79195901,78.40264883,123.7576856,184.7184149,1.176466544
390,28.98045255,94.09801411,60.39436002,85.42823529,124.1758824,203.2659475,1.413244853
391,25.02129859,113.2167451,59.2054902,85.4658648,129.5607594,189.6373721,2.499950902
392,23.06570397,79.23926287,61.66341794,88.60196545,140.3711151,191.4018617,1.395988328
393,18.48156863,65.61150775,58.78128594,85.95651648,137.5764133,209.011105,0.522083654
394,18.89884059,64.65352492,57.15198702,82.40623572,126.8908898,200.4814209,0.547477797
395,16.9224948,76.03035591,56.0226277,79.33748247,123.2952348,198.7301271,0.261648477
396,17.07310979,58.89618506,58.97521625,81.73711306,129.9333442,221.47831,0.227677719
397,25.65954982,42.42642439,57.53381705,78.80191134,118.7071391,210.8421521,0.287103042
398,24.51073791,117.9962432,59.10277385,74.85464581,138.1935812,213.9510552,0.535381475
399,18.48156863,96.23205921,58.30272769,77.30530197,123.0461929,232.5851585,0.515505909
400,18.48156863,82.11126743,55.71649139,74.95516086,143.1102786,228.9772338,0.627038164
401,26.06317762,83.49884033,59.11416874,69.89955728,171.4897209,241.5893932,0.778064828
402,28.16313771,43.66016583,58.20284067,70.16858719,147.5146025,242.1068313,0.854478463
403,23.72768731,41.56280925,56.82979755,62.76462467,143.7184108,236.8574753,1.431586982
404,18.6127252,115.9746294,58.34634176,66.42900516,150.6063252,273.4214714,1.889819655
405,16.87070843,111.3201419,58.10544319,65.18779639,143.448746,235.7700758,1.279967486
406,17.10797125,110.2779319,61.50670798,81.84486363,132.5715733,175.5332811,0.736766524
407,17.489002,115.110094,59.3816963,85.4051805,124.1758824,210.9385542,-0.297567263
408,17.83047542,100.0508979,71.66329037,81.05379554,134.5295301,186.7012466,0.08389659
409,16.95181569,91.1736038,55.4684593,86.8421397,103.5142564,191.3220253,0.246719201
410,16.2972419,88.59861238,59.74689595,85.50678272,101.5994034,197.2836022,0.257730059
411,17.09847429,85.86696693,57.47772799,87.08833517,124.1758824,202.9590842,0.252875039
412,15.70053703,67.3283264,58.12521584,85.42510656,113.4506224,192.6225804,0.400186065
413,19.2540548,77.70065532,58.36023456,87.09929594,134.9561331,192.7450689,0.25046704
414,17.24687971,74.6657047,60.06986703,85.52112197,121.8363174,189.7357979,0.465312646
415,17.77112931,78.96096814,55.63570184,86.39946999,122.9721239,199.5894729,0.426882735
416,17.2250155,58.59889191,58.03964212,83.95182396,95.43196622,208.158985,0.576449136
417,19.35237198,88.31834314,56.77700649,80.73593838,127.5248529,217.0050699,0.467431161
418,18.8547883,65.21826988,62.20454954,83.65503614,113.4824451,206.9094471,0.699781508
419,18.71597331,61.79617711,61.12020496,78.41138865,127.3884361,204.4148202,0.583554788
420,19.63861481,50.17132719,59.9896681,76.98423067,135.8772375,209.6293477,1.009555956
421,19.44922768,125.3835704,59.52813935,81.1757484,126.9258749,221.963106,0.819303859
422,18.48156863,120.8886136,58.32205635,76.21683353,109.9274137,224.9703661,1.552008953
423,19.83143227,133.1023081,62.96258475,72.51196131,122.3573178,238.1471086,1.284679014
424,24.59645538,139.0966405,56.36656862,71.10018844,146.5624869,234.1906877,2.533243782
425,24.86573415,141.880806,61.37612789,70.93071015,161.5103344,237.4478232,0.723766667
426,22.6652058,128.5998677,60.3631802,71.72684857,155.869576,230.5424761,1.243606788
427,27.1467735,135.3716626,65.00745878,69.2168195,142.5576832,209.1629622,0.683313605
428,19.51219995,134.6627833,70.36646503,72.18917139,172.2619988,247.096335,1.799273681
429,23.90256418,113.2167451,58.27237296,68.72816972,130.0846311,256.79009,2.793804075
430,25.44530758,132.0915285,59.2054902,79.8489334,127.4696176,175.3183359,0.306640805
431,24.02892324,132.4841774,56.78199416,85.95117537,113.0161477,212.8466484,0.393413333
432,19.90848781,122.5374613,60.63050259,85.72425338,112.3767694,196.6811146,0.232268098
433,20.73824886,115.9558644,58.17517707,83.2870156,111.7939616,195.5032589,0.545419105
434,20.60605007,122.5792873,57.25935338,84.55802001,93.77555959,199.9137876,0.686041088
435,17.05668296,113.2167451,59.2054902,81.3748807,131.0088523,196.9284701,0.556709296
436,16.61478022,116.5977763,58.28538799,78.18915907,117.9247307,199.2763051,0.693445929
437,16.83602573,114.1125035,57.45548316,84.26263051,95.79411918,203.467467,0.874092078
438,15.85820134,112.8913446,59.75376653,83.34163847,130.7888616,207.5165773,1.332740436
439,17.35332805,104.6369452,59.14706278,76.9917995,142.1360209,247.1858907,1.386836086
440,16.99835266,113.2167451,63.11062985,72.69956559,129.7445384,213.1227647,1.354546021
441,15.84715514,99.82508621,65.07258675,70.89854582,113.4749963,220.6811137,2.153661245
442,16.96210068,97.44996434,66.37756257,72.9589842,122.9210861,244.2983655,1.668408751
443,15.87902943,75.78900558,61.77053247,66.6937419,145.7757443,199.2842994,1.57712435
444,15.61979094,61.27734953,58.51997885,68.5374987,147.6370468,273.1788388,1.556471142
445,16.14801839,52.93137853,59.2054902,70.51458053,177.1528051,234.9717567,0.631266891
446,16.11107466,81.57327347,60.16352851,70.57378442,157.7821025,213.9252482,1.230316528
447,30.61382118,72.51675664,58.56721417,71.70928103,146.3114474,222.4431574,1.743274321
448,27.80685116,62.34629429,59.16099401,73.57741495,137.2237332,304.3476839,1.393842676
449,25.10894828,61.03402952,60.86911478,85.47912856,124.1758824,213.1227647,1.512132462
450,28.76411235,112.3094497,55.56511403,87.14505358,124.1758824,187.2488381,1.533233439
451,25.82722,113.8907943,63.14912563,89.1913162,117.7545821,183.416718,0.723766667
452,23.21990443,99.88205087,62.63568867,90.24259425,137.6427499,190.5386784,0.412773299
453,26.72392752,87.50430958,63.68922536,86.29933913,117.9706138,192.2262192,0.723766667
454,29.69323259,86.36860807,57.4510112,84.21264191,114.3283588,194.430955,0.124568946
455,15.45722674,85.93419679,66.70066358,86.2961539,111.2157598,201.1099611,0.423933923
456,17.68331007,78.22045165,61.96786045,80.42389627,145.5293664,202.455447,0.253700898
457,17.71266135,82.09696149,55.65930896,85.19449629,132.0773196,196.7733396,0.571476359
458,16.6302576,113.2167451,59.50667989,82.29520139,127.1368076,220.0779146,0.448683397
459,15.88625155,92.49807448,60.12247195,79.64294284,135.8779501,223.4646173,0.525264167
460,16.14272794,113.2167451,62.22620632,77.74551933,141.980031,223.5636758,0.618176624
461,15.33574102,91.50994297,59.2054902,79.07985415,141.5464313,226.1607974,0.615469876
462,14.99271077,113.2167451,68.23316981,70.57294066,135.6495439,239.1425263,0.687979753
463,18.71469801,127.5917449,66.70392931,70.34195706,122.1406582,272.7948053,1.262700555
464,20.04227389,114.448823,68.44430101,68.09250813,167.8706175,214.0507515,1.04580484
465,21.75524063,109.2162226,70.81350395,65.85860387,163.5963668,263.8896956,2.27500875
466,22.40708618,93.86352548,59.09538253,66.94401976,172.4992841,250.0944466,1.164519135
467,18.48156863,90.29664825,58.70122375,65.70590749,124.1758824,237.3971921,3.000290243
468,28.74550411,75.78820098,65.94659869,67.03285399,145.5523244,278.5991239,1.507600082
469,22.34187123,51.42383852,68.02290482,69.48772624,136.896487,293.4194729,0.434562203
470,27.25991743,74.4527667,63.22174192,67.24762629,114.6515086,208.9802886,0.302913064
471,18.48156863,69.11063051,58.54589126,69.40292963,155.7120996,242.1134178,0.723766667
472,15.0447772,95.15860381,58.27057913,57.43161644,174.4414092,252.9867061,0.868074288
473,16.88068641,71.54225681,68.95282978,65.51264433,169.9989977,236.9998412,0.744183467
474,16.46233702,101.8718538,59.4000887,67.98878774,145.8123839,291.3469696,2.150771402
475,16.15057139,70.04679236,62.63119997,86.47809356,124.0410169,220.2742767,0.889499577
476,16.00021749,134.7401641,68.7533175,76.47333143,146.848654,205.7015558,2.039597215
477,16.01440389,119.4405913,56.113433,74.77786087,125.218932,239.0977579,2.343683081
478,16.71916768,124.6666772,57.41926086,74.26898584,156.2387855,235.387488,1.838205969
479,18.48156863,112.6816781,59.07433634,67.79514733,129.9592665,293.639954,2.511345206
480,16.89455672,111.5596908,55.8160361,68.79117865,152.1659935,262.2198133,2.419847275
481,16.6497966,103.3378946,56.95078227,68.62432494,126.3681084,213.1227647,3.494801744
482,15.45250237,109.6558155,57.73248856,74.61146149,130.1911356,238.6345244,0.348048604
483,15.73270437,98.07662231,60.6096609,85.42823529,152.2227733,262.2598569,1.389847794
484,17.05459175,86.38199354,63.98604202,62.78175004,165.1193314,223.120637,1.364594209
485,17.59059615,95.76094974,58.49477135,62.81209974,185.1549518,292.3336103,0.733206862
486,18.58293791,86.58180998,58.97243207,72.03030365,148.7675279,311.6102339,0.254794358
487,17.27657017,65.92715561,60.64588376,61.16181028,161.6476891,221.9596418,1.084191571
488,17.19037194,70.89590524,58.4703794,85.42823529,149.257382,315.6674933,1.304183416
489,18.12195212,59.5304514,55.53634868,66.78925049,126.5521312,228.5563806,1.876997774
490,17.46346328,67.95913293,62.78348708,59.44003778,164.2440902,323.5083143,0.723766667
491,19.5100998,67.54469203,62.81859613,67.06355796,143.1106929,198.6550154,1.873602417
492,23.00557715,65.24241457,57.95738883,85.42823529,168.8649228,287.4590871,-0.051339986
493,18.48156863,50.67472237,57.81548628,85.42823529,200.2663739,281.0560444,1.973775387
494,17.25348873,44.62286366,62.4132185,62.47008316,127.2206483,216.0890436,2.621478984
495,18.31694438,92.5588369,58.32220732,66.90968924,175.7460768,208.9033588,1.276443889
496,16.7380966,68.65776151,58.06987781,68.57983818,169.3550474,292.3995479,0.907056859
497,17.41067897,122.3371098,56.26137317,68.16655897,110.707272,254.1581767,1.654303957
498,17.38686134,126.1299549,58.41989096,63.61054228,144.2818915,213.1227647,1.742136788
499,16.94261788,117.9711402,58.46500316,73.69299667,118.5413062,246.4711431,1.450196099
500,18.96089564,118.5609954,57.96651325,64.92635763,154.8189807,193.3515897,1.083409097
501,19.89465013,124.4783819,58.421394,60.83475829,124.0094871,281.5204729,0.723766667
502,19.35511471,110.8455385,57.45646726,66.62704963,136.1962368,237.0235011,0.788225393
503,20.21234866,108.087287,58.74189753,65.99141508,152.8072755,213.1227647,1.900764149
504,18.48156863,106.5691266,58.21476043,71.92648997,141.3110355,282.9458722,2.563587035
505,17.64991003,116.2012641,58.94105451,75.66829768,123.2658451,210.3590032,0.723766667
506,19.26327312,99.34497639,57.89267979,79.80753943,144.344949,215.6985048,3.294291958
507,25.98096164,105.3195975,59.25229604,68.68532182,127.1621258,252.3008732,2.775944301
508,16.63224914,106.7867913,54.632694,72.09207669,141.7375231,218.5787164,2.201301729
509,17.28942332,97.53734642,59.2054902,66.36397878,145.1618855,255.501703,3.469925178
510,18.06112949,85.55689983,52.17661791,64.20983021,132.7964883,245.4481595,2.161623158
511,21.99132608,80.12146768,59.2054902,65.82649769,162.4219119,235.5327188,0.485651579
512,22.07365581,60.19083856,58.32617055,71.55189799,140.7930464,245.2347113,1.013323434
513,26.45439145,71.73736468,50.64064739,67.14821666,134.6398974,234.2321048,2.06846749
514,23.39083398,56.36649631,58.88542117,69.15249491,129.6492673,199.9591402,1.984376172
515,21.19276789,113.2167451,52.60966061,69.20886327,119.8770306,199.8255931,0.410302226
516,27.69040453,67.90953365,54.15157222,70.89239069,158.764869,264.42002,0.345637111
517,23.87189353,113.2167451,53.94148316,62.50766838,130.1135037,222.5364063,0.617881726
518,27.44323225,65.44235975,56.0,62.88132329,152.7191969,239.9789246,0.940785904
519,24.15048562,68.5225519,56.0,63.43959687,179.6755255,203.1477696,1.260217163
520,23.59973783,64.80400278,56.0,85.42823529,160.7979432,256.2505479,1.145343903
521,28.37961009,47.89085462,56.0,69.1189162,158.7259441,239.1044888,1.238537982
522,18.25616935,67.16025014,56.0,67.33733268,169.8049714,231.9891264,1.286137964
523,17.11959991,113.2167451,56.0,66.93211111,129.0517968,242.3288608,1.107834934
524,18.48156863,120.5750746,56.0,63.89804569,124.1758824,278.8064586,1.098110738
525,17.0771473,122.5429761,56.0,66.76404043,147.0997235,233.8129577,1.564248805
526,17.64998654,119.6364241,56.0,71.33310431,158.8240465,275.7630675,1.494901697
527,17.45643982,113.2167451,56.0,72.30024358,124.1758824,298.8690146,1.105824434
528,18.66699551,113.308386,56.0,68.80399056,144.9016166,213.1227647,1.006002671
529,16.27874214,105.6162695,56.0,64.82551333,147.339593,271.7914047,2.750474585
530,17.27906602,96.54092423,56.0,71.43188653,162.2549158,213.1227647,1.522853835
531,19.32686055,96.90117959,56.0,70.77900762,177.619687,309.161794,2.105130323
532,22.82556557,90.33032433,56.0,68.98965311,142.0138044,274.8436943,3.539031057
533,20.92273022,82.6832249,56.0,70.62511591,169.1866331,300.348307,1.333217945
534,21.49661696,89.2864399,56.0,64.26957902,177.5897067,213.1227647,1.696574164
535,18.48156863,78.32078953,56.0,70.79883465,168.4132646,286.9288426,1.543986082
536,24.4087756,72.91815323,52.69,69.029199,187.0327366,235.9756494,1.686066422
537,17.18320074,113.2167451,56.0,70.92345029,124.1758824,259.4745323,2.829525664
538,20.70558099,53.13024554,56.0,72.39335882,127.1214653,280.8649871,1.126852875
539,18.81225349,64.50800023,56.0,66.84100251,141.2135397,193.3667272,1.323684247
540,19.09907302,44.22736968,56.0,68.47846924,156.4762929,269.6228408,0.723766667
541,18.41189555,91.2059394,56.0,69.87614426,161.2486275,266.6401668,1.294486128
542,19.99386186,117.5071817,56.0,65.41783076,142.7368916,271.5092034,2.276292988
543,23.8065307,112.6371475,56.0,78.53105395,166.9147729,224.3308289,0.993622846
544,16.54119612,114.5652539,56.0,67.11005406,173.932154,213.1227647,2.036827042
545,25.55274749,83.55486682,56.0,72.79879268,160.1996838,288.9235308,1.309348478
546,25.8655269,113.2167451,56.0,64.51248074,153.4179023,214.7904243,-0.080190775
547,24.50143325,84.98801595,56.0,88.5454044,118.3146054,199.0084776,1.756303203
548,21.30067582,73.50679828,56.0,75.79342242,95.8896501,224.6327595,2.270467801
549,23.16570643,56.77903512,56.0,75.55996636,161.5834086,226.6154553,1.398884088
550,28.95765162,108.1561237,56.0,73.98667413,108.95454,257.5059433,0.666104073
551,25.73375794,104.5101832,56.0,70.90404784,126.3155606,247.041796,0.634346518
552,27.4093824,59.78141198,56.0,70.36454254,146.5576302,256.3923287,1.023801896
553,15.7768174,63.9587134,56.0,66.98240547,141.4880939,229.8460063,1.169314473
554,17.21360704,52.25917651,56.0,67.62804346,137.9889815,283.4550444,1.498340158
555,17.66939208,51.75001389,56.0,67.72568038,144.6409832,265.7492295,0.983290172
556,17.37218438,61.74681599,56.0,66.57807093,103.6759402,243.6073803,2.353655927
557,18.48156863,72.88502911,56.04,66.91882998,143.010217,261.4888909,2.293268242
558,18.1286559,65.29810635,56.92,85.42823529,168.3659192,247.5654065,2.587853312
559,18.48722112,54.99671169,57.0,66.9122665,170.6527952,255.5550793,1.567208992
560,20.90742306,61.26157277,57.0,70.46707166,166.2288337,289.9198072,1.137775587
561,21.52406697,52.65517257,57.0,63.89931403,132.5886252,278.0975585,2.448506264
562,26.26291223,83.4425982,57.0,67.02321565,177.9292064,283.2548757,1.603195274
563,22.40253216,65.29527412,57.79,85.76478501,119.8866693,189.9859575,3.471517316
564,20.02622205,67.46147943,58.0,84.86222462,135.1772664,202.8505258,2.146703626
565,24.05462873,76.48073063,56.45,82.58293162,113.3331708,210.1132245,2.520474238
566,23.85627977,64.33930282,58.0,70.15195266,153.9674721,260.8570916,2.889476394
567,17.00208086,67.97383473,58.0,85.42823529,124.1758824,242.4878821,1.971899529
568,19.1392887,53.44966863,56.22,69.01020085,138.6882421,277.6016468,0.371602749
569,17.81893526,55.92094925,55.67,66.61769795,140.0771326,219.2763108,0.778946187
570,20.1843105,64.24226705,58.0,65.88763249,123.9366464,258.6181141,2.628553927
571,20.5724165,113.2167451,58.0,61.66887271,124.1758824,231.9147119,0.756511184
572,23.64473517,72.35526208,54.95,65.65241927,138.3734318,245.3524029,1.145998571
573,21.46476217,64.05949864,58.0,69.28593758,164.4794534,253.0763683,2.318522081
574,25.59797721,84.27129977,58.0,63.02733043,132.6499171,302.5149332,0.545381128
575,21.70077991,75.04292442,58.0,66.48333714,120.1540723,184.5407321,2.707167948
576,25.30001419,90.22800872,58.0,95.54517638,103.7124246,187.1424635,0.74986381
577,17.92755714,65.28826116,58.0,98.07206917,111.9541518,196.0036046,0.738408498
578,19.90302836,107.1284123,58.0,99.37072534,102.6867123,198.8596191,0.922257408
579,24.635077,82.12031123,58.0,97.0600118,106.3288278,187.9649155,1.961291909
580,26.01560778,68.95964092,58.0,95.3811778,109.1514168,190.1526141,1.557638873
581,18.48156863,69.19989698,58.0,85.42823529,111.7698646,190.4037197,0.29329928
582,18.48156863,68.85800279,58.0,92.67104016,128.5943236,190.2950959,2.639971696
583,25.80689352,71.63630265,58.0,91.78185479,127.5863061,193.2764096,0.723766667
584,16.66655793,51.50968058,58.0,90.55710781,139.0846455,198.8322528,2.426524133
585,27.36887515,73.49513146,58.0,88.04939875,103.6924752,208.3078919,1.613851456
586,18.81882389,74.52093956,58.0,88.52671489,148.4595121,203.7044734,2.820609855
587,24.17197999,69.18953684,58.0,87.99594366,132.1675154,197.0851167,2.271700417
588,19.72671032,77.7818564,58.0,90.30558492,135.415339,199.2288884,0.723766667
589,23.57499763,73.43853531,58.0,85.82659784,137.3062659,201.4103538,0.723766667
590,28.42025222,62.47280448,58.0,80.7295162,138.0281513,213.1400224,0.412773299
591,25.40763285,73.44682599,58.0,79.8170936,120.7991609,228.2300768,0.723766667
592,25.20794915,85.67155652,58.0,85.42823529,154.3410556,211.8920076,0.124568946
593,23.04855073,68.29863583,58.0,88.47856508,112.9702703,200.51846,0.423933923
594,23.27896466,65.72554328,58.0,85.70061853,131.4325862,199.7157553,0.253700898
595,22.51448193,52.4023968,58.0,84.53836673,113.19204,191.7791738,0.571476359
596,27.44500683,79.19419837,58.0,82.72610561,141.6161524,211.0377371,0.448683397
597,19.79093017,53.59701495,58.0,81.62738291,158.0118215,207.7890475,0.525264167
598,23.65540598,81.72140248,58.0,79.09226379,124.1758824,220.4730903,0.618176624
599,17.48156863,89.17643706,53.63,81.39281197,128.5761159,214.1431437,0.615469876
600,21.91453001,106.1973537,55.5,71.29264165,186.0037808,245.7291602,0.872493003
601,18.48156863,86.3911371,55.5,60.74033549,159.7160662,251.4845898,0.624312434
602,18.48156863,77.33502518,55.5,53.89548491,142.9276316,272.3603212,1.394838247
603,25.43027832,72.77216187,55.5,69.00530596,124.1758824,336.032016,0.853566397
604,27.00148823,78.00522534,55.5,55.07062746,165.7925558,196.7952764,1.87279737
605,25.68562149,69.15116346,55.5,72.31124222,124.9384212,213.1227647,1.744851462
606,25.83929921,67.3187419,55.5,68.24955177,117.5854673,276.6590544,1.613102725
607,29.90194902,49.92558048,57.33,70.0,112.3,223.45,0.564
608,18.48156863,60.41285254,57.903,72.0,114.56,212.34,0.43
609,22.80641375,93.2167451,59.0,71.0,118.34,120.3,0.3
610,19.96465432,113.2167451,54.10704136,84.1455521,127.2573627,217.9101914,0.265480636
611,17.73229115,108.6286046,59.04355302,80.17264213,137.4319522,204.4362668,0.426987383
612,17.39962193,101.2613202,57.93309265,78.4955565,131.3439581,208.1682331,0.373456775
613,17.26744332,90.89366767,59.2054902,76.24449239,128.1309515,206.2233325,0.68362327
614,18.01886766,79.04770171,60.23113636,72.37324377,139.5199111,213.0562733,0.637567222
615,16.769649331,83.39135516,57.65939842,69.68176826,117.6638794,245.4835753,0.908488301
616,16.334007216,85.54920124,60.06364818,71.30400132,124.1758824,214.2476716,1.248449667
617,15.898365101,80.15087546,62.82670643,74.28626874,138.9065933,207.1437535,1.122133134
618,15.462722986,79.27616004,62.53942352,71.00578188,116.2043995,208.4923142,0.723766667
619,15.027080871,80.66646434,56.34143982,71.90046454,155.5031572,227.9467556,1.334021869
620,14.591438756,81.29032872,58.04169146,71.75135482,147.4125191,205.8786217,1.443817397
621,14.155796641,87.46212955,57.30352468,71.6022451,143.9779607,267.3480486,1.284454619
622,16.12988928,83.33495845,56.25203141,71.45313538,163.5063376,195.8953949,2.593461399
623,25.3701347,87.56423549,54.38657442,71.30402566,159.8232413,244.4120978,1.712268953
624,23.19367674,80.35766606,52.56046659,71.15491594,170.2115794,217.2909829,1.357797222
625,26.24378668,88.92072239,59.12525052,71.00580622,156.4235996,216.3636268,1.683297881
626,26.05567951,82.5103415,57.11119955,70.8566965,154.2825814,213.1227647,2.009561351
627,20.23745869,81.29491503,59.2054902,85.42823529,157.5613166,251.4422094,1.620223068
628,23.45954339,83.79648825,53.90445012,69.32221254,115.2944366,258.3338838,1.589582425
629,18.48156863,84.44807413,51.32906069,61.98295458,191.2022498,258.4184659,2.033301507
630,16.91461399,100.1979007,56.66015617,85.42823529,118.0273879,213.1227647,0.529356684
631,15.79036054,115.8840094,59.76387862,88.04138641,122.8102816,214.7896568,0.723766667
632,18.41499458,113.3350859,58.70147904,85.42823529,155.2090181,193.4603143,0.144839932
633,17.63778173,114.1102271,59.2054902,85.42823529,114.8222367,192.3614648,0.291728108
634,16.36915068,117.7493057,59.34962716,82.9835306,129.1185584,196.3815227,0.315851198
635,17.49327087,106.7150902,57.31138851,82.38972188,139.929559,204.8154397,0.471351415
636,18.48696842,113.2090699,57.97104638,82.31599083,106.5216096,201.2040146,0.513820562
637,16.79044431,105.3318445,57.22751742,81.21649536,116.3183449,198.6685096,0.702490825
638,18.23266388,103.9123536,57.91318035,80.4216894582143,126.4536337,210.9758293,0.788511613
639,17.90069655,98.48038445,55.50062679,99.5922918114286,117.962609,214.6578815,0.972951657
640,19.35803504,94.13429068,57.19079403,98.7628941646428,98.783206,200.8906587,0.603369308
641,18.48156863,85.36776858,61.13518919,97.933496517857,99.34210761,221.0308775,0.933992959
642,19.504967622,84.1997894,59.88366437,97.1040988710712,168.5553322,210.5771557,1.128668693
643,19.955729602,83.75339267,56.67604189,96.2747012242854,158.9286672,236.5754905,0.932878075
644,20.406491582,78.48011808,61.75362693,95.4453035774996,166.5574809,241.037265,1.019630568
645,20.857253562,67.26237426,62.08897041,94.6159059307138,145.7630594,214.8292312,1.494523047
646,21.308015542,67.66659663,62.74995708,93.786508283928,110.8171097,228.8138601,1.160711563
647,21.758777522,69.83733349,60.73284734,92.9571106371423,155.6861431,207.3810136,0.723766667
648,22.209539502,68.45162406,60.53311069,92.1277129903565,174.603721,236.2943645,1.608096765
649,22.660301482,65.57900801,52.0,91.2983153435707,188.6182589,229.3826189,1.650522145
650,20.979066,65.24135571,54.73119699,90.4689176967849,143.9037602,219.7813738,3.278309368
651,24.75541949,45.57771495,54.26636448,89.6395200499991,177.521408,300.9988382,1.817539294
652,29.23006137,59.7510879,58.27408999,88.8101224032133,143.0200856,247.7060512,1.978257164
653,18.48156863,131.5851128,58.19805214,85.42823529,126.680001,178.6431455,0.723766667
654,15.40362163,130.3199514,56.47215744,93.94375541,108.2079524,190.8515023,0.133251993
655,15.46506612,136.7635804,56.56744899,93.29945271,120.0348437,186.0094331,0.205571683
656,16.65250127,132.9022455,57.42211536,90.43863648,109.4985796,193.1997287,0.126843909
657,15.75154933,138.4271983,58.4226258,89.78448213,124.5068063,187.0308874,0.186549075
658,16.6468437,113.2167451,57.76543597,93.297106,126.925101,213.1227647,0.282208285
659,18.48156863,122.710918,59.13822961,89.84001653,108.3747393,200.190964,0.469244531
660,16.71004531,121.2631178,58.73332248,86.01475559,133.6209241,189.4626415,0.20915384
661,16.91334886,124.3006568,58.63090395,88.84627242,133.6174258,193.8179066,0.275496739
662,17.22923678,118.5807622,58.97779738,84.63168649,124.1758824,202.6723291,0.723766667
663,14.99485912,113.2167451,56.80007891,83.39536028,133.7577164,208.4395292,0.552029726
664,17.17798383,104.3981841,56.48458566,80.26046898,117.3854417,215.6598801,0.472943501
665,15.99358284,92.61042839,59.37197569,82.85430013,145.6185527,209.8418749,0.812827663
666,19.53649088,96.63936002,60.13835907,82.0774240096154,155.9654714,210.5124275,0.653309259
667,18.00271959,83.41131825,59.17165698,81.2529403138462,122.1670113,211.5888203,0.856064913
668,28.26341156,62.53929088,62.1098292,80.4284566180769,141.2213508,218.9199971,0.780559137
669,22.98906473,64.79109364,55.28660683,79.6039729223077,113.8657499,272.6034744,1.983807508
670,21.51040141,69.79930448,56.29168199,85.42823529,156.9100905,252.7464026,1.853137744
671,17.98307741,113.2167451,59.2054902,66.28036397,126.955705,269.6185017,0.558752188
672,18.84461321,113.2167451,56.31171159,85.62491415,116.9247357,224.9026749,0.248774412
673,16.82715862,104.4422542,56.56202575,85.79808314,117.3640792,210.1846549,0.737110028
674,16.15777536,90.85615039,59.5174256,85.97125213,108.843848,203.5887348,0.485356789
675,18.16551225,98.3658565,56.93866125,86.14442112,168.0948121,196.066041,0.652823978
676,18.08337759,113.2167451,57.57001747,86.31759011,133.3513163,213.9774786,0.826103187
677,18.0551363,88.70922029,58.83979147,86.4907591,142.5186031,222.50411,0.900412597
678,20.82775358,78.71581363,51.93356447,86.66392809,146.5780566,218.9011679,1.15056222
679,18.20523783,91.58885575,60.79051907,86.83709708,110.6413128,239.3293813,1.039349801
680,19.10415085,73.72320253,60.83746032,87.0102660700001,140.401477,216.6912452,1.223932164
681,26.38713215,29.65476615,60.08986125,87.1834350600001,115.7811468,256.1458091,1.6045748
682,19.94426419,78.41847543,52.47396113,87.3566040500001,106.6268283,264.5278744,2.199569414
683,22.45466929,65.49006016,54.17757483,87.5297730400001,141.8104933,370.5250173,1.967456214
684,18.48156863,112.1731487,57.14829287,87.7029420300001,131.3989153,183.0476017,0.330152433
685,18.38829156,81.12916888,59.2054902,87.8761110200001,120.3655947,212.0441075,0.566125568
686,19.18649304,94.90537907,55.94399902,88.0492800100001,133.7542822,211.8393019,0.755698053
687,22.5743891,78.82701694,58.44973512,88.2224490000001,147.1922415,203.2475462,1.342745674
688,29.42522464,34.65361135,53.27291842,88.3956179900001,113.9884619,174.2987719,2.763094159
689,28.55755403,62.28539831,50.86807509,88.5687869800001,132.2655309,310.0931586,0.723766667
690,17.46815339,56.66537292,51.86220069,88.7419559700001,133.7975583,213.1227647,2.093458319
691,17.97861426,91.04138089,59.2054902,93.59053737,124.1758824,189.5248385,0.604736503
692,15.89726335,122.259404,58.33421906,80.76215244,123.7461125,195.58949,0.579859949
693,16.54593241,106.0007524,57.65581165,80.54868465,104.8544858,200.4776498,0.451101853
694,18.48156863,107.0024963,55.80696091,81.66915515,152.9000926,203.5164396,0.489980681
695,18.66036568,93.36102823,59.92517595,81.9003334566667,109.465857,214.6163772,0.80718216
696,20.93808965,88.3604129,59.30964959,82.3538348116667,169.0847405,220.3322172,0.862773564
697,19.45921683,83.71854991,60.02134806,82.8073361666667,110.1666368,203.41981,0.950216841
698,22.04512864,61.52965541,52.30443561,85.42823529,140.6897371,210.8353941,1.167725651
699,20.80100208,67.01935356,54.24843489,92.4165368,136.8233317,239.3030028,1.230094939
700,24.45098702,90.46441109,58.74098149,90.33386106,143.0993507,273.5539167,1.179985958
701,21.7232022,96.59108347,50.0,80.26042774,149.5513103,263.9861704,0.723766667
702,20.58193526,97.15429083,50.96948629,84.64908998,166.1498933,255.8590901,2.309323675
703,26.26484228,98.46632984,50.0,90.65129549,172.9834399,240.3259503,0.723766667
704,24.61024255,105.61860316,56.22451618,86.5638604486667,161.43476,278.8952772,1.328167707
705,18.48156863,113.2167451,57.84286781,84.6363292,124.1758824,208.2228837,0.320612436
706,17.24824586,121.1282887,58.73882765,85.42823529,108.3419967,208.7251088,0.723766667
707,16.88621655,119.5488155,55.2781651,85.50309592,144.6466358,189.8697649,0.234814233
708,16.22677443,116.1862746,57.46799465,82.3668707,131.2461504,187.7266885,0.342918611
709,17.80186293,124.7306814,55.74366696,83.17397801,124.1758824,197.8931978,0.463316072
710,19.07405791,113.2167451,58.60964846,82.14562314,124.1758824,198.941381,0.54408647
711,17.27541122,114.2177407,59.15557004,82.52808446,121.4821844,205.6818076,0.776162012
712,16.69600815,112.4252076,56.28797677,83.10154675,124.1758824,203.7536597,0.382165226
713,17.87035363,113.6036016,55.82165022,85.04855777,131.5071284,197.2981184,0.428129098
714,17.77233302,110.0500038,59.19568318,90.06218493,130.027018,205.2746091,0.54790909
715,17.7722905,104.3770238,58.56965744,85.66630318,100.6173303,208.1638261,0.482714474
716,19.27171622,113.2167451,56.22205961,86.55821078,97.75824548,215.1678485,0.674342501
717,19.45414456,96.84091442,59.2054902,81.02780663,120.7793414,210.9500906,0.661636681
718,17.20277779,97.461673,59.2054902,79.40146902,95.36871653,213.4310914,0.405388225
719,18.26701328,97.93677977,59.43259849,80.82667885,110.1185667,211.6836138,0.337094626
720,18.61300153,89.05928769,60.19020968,85.42823529,122.7065195,209.9048045,0.277898056
721,19.04559832,113.2167451,59.2054902,89.28443312,134.5804337,220.9860963,0.294684009
722,18.97273311,101.6365091,56.09341422,81.51354516,134.7956702,196.0775613,0.323766667
723,16.4047919,113.2167451,60.17508201,83.20969857,146.1191155,197.9512466,0.432556511
724,17.8450477,99.09383398,58.94174486,79.87580225,143.0253148,201.7145232,0.723766667
725,17.14567578,99.24204445,60.95760093,78.12115654,158.0606107,212.4039045,0.709513585
726,20.03453364,93.04027915,58.78898819,76.64182601,131.6494167,204.8960228,0.64719592
727,20.03453364,93.04027915,58.78898819,76.64182601,131.6494167,204.8960228,0.6
728,27.08274394,49.74160291,60.0,,116.34,274.0,0.3
729,27.59201593,45.548722985,60.0,,109.34,253.0,0.32
730,17.65201153,71.13011387,61.39342143,,105.2219112,215.234,0.73
731,18.93793341,124.2537224,58.79744872,86.05388872,134.6731319,186.4478802,0.433222312
732,18.08026902,114.9783255,59.25504935,82.48210997,151.9063767,200.11745,0.541911385
733,17.91546791,103.6255252,59.42780644,82.74220163,146.0249699,205.6120604,0.573954854
734,16.99872643,122.1220605,57.73354934,86.69572217,104.9261987,186.5819877,0.205720073
735,16.66606513,119.8325595,57.98492506,90.96570105,131.8698623,191.5887054,0.342998213
736,16.84920146,112.6620634,58.01742944,86.15005878,90.11381226,193.2242302,0.297772895
737,15.89950027,114.1626966,56.60175545,89.89144707,116.1422618,188.3221583,0.290282625
738,15.79812949,120.9508267,56.03580694,82.12616255,133.7953613,195.3010802,0.304424248
739,17.53900769,115.6186484,56.77414998,87.96845197,140.5245278,195.4385105,0.193426455
740,16.04211906,113.2999215,56.42105149,85.73940394,123.5610983,197.3680532,0.41260221
741,16.74675718,113.7162341,59.76158861,89.83277696,118.9191862,192.8724892,0.669730469
742,17.35372511,115.3560694,56.95391874,86.09597425,169.7235251,195.7076451,0.399769769
743,18.211642,110.1647515,56.58914997,83.56764655,120.2643363,190.3805785,0.612598193
744,17.09149377,99.75174777,57.82599587,81.63247488,133.3989522,196.7494897,0.511125005
745,18.44720526,99.43359274,57.78600541,81.3276284,124.1758824,201.3036183,0.681668403
746,18.36476584,103.4237471,58.94138966,81.65912332,156.3309904,212.1344175,0.851512678
747,19.92385049,94.36337073,62.49649931,76.63597648,162.9022007,204.6099146,0.707610749
748,19.25423403,84.58898491,61.12300722,77.48712027,124.4633992,242.7873049,0.857784373
749,18.66279468,86.19672119,62.89144103,73.09515693,124.1758824,207.4039914,1.55798355
750,23.67475308,57.79079475,60.50284989,67.47549717,148.073433,214.4170714,0.995796656
751,16.95663107,115.436968,55.6170862,86.9630262,138.1505329,201.7822448,0.209254331
752,18.4736182,108.7018541,56.17734246,84.84794044,142.8071665,206.7194964,0.626441112
753,19.30071046,87.98418285,58.64375261,77.79035765,135.4378172,208.982508,0.852348471
754,25.75699765,55.5422941,65.06085485,70.96408332,140.9407937,297.0798601,1.319217212
755,25.40661826,113.2167451,65.75564143,61.19374068,191.5424558,213.1227647,0.723766667
756,19.44698663,59.34946601,63.27762547,85.42823529,159.59076,263.4115317,1.409010986
757,18.48156863,95.16632162,59.65458565,79.65270085,95.04312485,204.9168404,0.337663306
758,20.29472917,81.18338661,58.44987627,76.36405763,92.17502432,208.9279833,0.3737541241
759,17.46840067,79.83662666,58.80407129,76.88147439,122.6324387,192.9769792,0.407736206
760,14.64207217,78.48986671,53.15826631,86.39889115,153.08985308,197.0259751,0.417931171
761,14.81574367,77.14310676,53.51246133,87.91630791,183.54726746,198.074971,0.458126136
762,14.98941517,75.79634681,53.86665635,89.43372467,214.00468184,199.1239669,0.498321101
763,15.16308667,74.44958686,54.22085137,90.95114143,214.46209622,200.1729628,0.538516066
764,15.33675817,73.10282691,54.57504639,92.46855819,194.9195106,201.2219587,0.578711031
765,15.51042967,71.75606696,54.92924141,93.98597495,192.37692498,202.2709546,0.618905996
766,15.68410117,70.40930701,55.28343643,95.50339171,189.83433936,203.3199505,0.659100961
767,15.85777267,69.06254706,55.63763145,97.02080847,186.29175374,204.3689464,0.699295926
768,16.03144417,67.7157871099999,55.99182647,98.53822523,187.74916812,205.4179423,0.739490891
769,16.20511567,66.3690271599999,56.34602149,100.05564199,184.2065825,206.4669382,0.779685856
770,16.37878717,65.0222672099999,56.70021651,101.57305875,184.66399688,207.5159341,0.819880821
771,16.55245867,63.6755072599999,57.05441153,103.09047551,188.12141126,208.56493,0.860075786
772,15.8818075,69.66825308,62.50616657,68.5629508,128.4639785,191.8032972,0.736207704
773,16.22212034,116.4511026,59.2054902,85.61324229,114.637733,194.4075041,0.76123924
774,16.74763771,124.0705613,59.2054902,85.46977292,118.8838935,194.2037543,0.384285729
775,16.58743597,117.8206591,58.10828173,82.52406037,130.6263897,186.9638915,0.279855071
776,16.34948696,118.486685,54.70199187,93.69980778,125.0119513,187.4054276,0.359501926
777,15.61076552,129.3150712,57.05780594,85.42823529,137.9026258,189.4541286,0.147577458
778,18.66348263,127.8443597,56.71733659,87.4070104,91.51253286,188.5784465,0.232094509
779,15.73602468,126.0803202,59.2054902,86.04132476,133.7805249,193.898919,0.348007719
780,18.48156863,123.2536199,58.68345602,88.8880325,103.107946,197.7757371,0.365525034
781,15.36225282,113.2167451,57.66998279,89.78387669,134.4615803,190.113412,0.462244011
782,17.46080851,116.0887253,59.2054902,88.74972367,114.6050025,199.934861,0.302760594
783,17.39837434,110.9049318,59.2054902,89.06825252,136.9888356,197.0354298,0.290585423
784,16.71674835,113.832117,57.73176957,85.54201105,129.8446875,199.3192554,0.442997263
785,17.1927061,101.6190105,57.62826369,86.87491268,131.4032509,198.9119031,0.520773055
786,16.50856834,111.9874169,57.53122074,81.80581027,119.2807184,210.3786068,0.763269825
787,19.36777576,97.89167664,60.22307215,80.98924784,147.0231979,214.7783021,0.584736037
788,19.6854149,81.5260661,63.97956191,77.80416815,94.2722623,217.3973707,0.813911036
789,15.82954335,127.9064674,56.38872906,89.08234124,100.2896427,180.4510395,0.300150619
790,16.36883366,131.5319942,56.44110577,89.82846451,113.6305562,190.3491219,0.316734521
791,15.99836192,124.9690989,59.25712928,91.18980711,137.6763154,189.7857603,0.723766667
792,15.33196813,125.9623823,57.23014465,87.78024917,112.0639965,191.9395971,0.220767744
793,15.61181586,113.2167451,57.18378481,90.21565374,124.1540471,190.1228008,0.252191805
794,16.81895875,126.3698497,57.21244367,86.29179286,125.3198468,200.6655136,0.193593413
795,16.87693342,120.430999,59.2054902,89.29944267,118.0123821,196.7176854,0.374140723
796,17.03955328,117.5177756,58.96224006,89.67108621,133.513742,201.4400616,0.176859388
797,16.41805512,113.2167451,60.37888106,88.77979955,102.8252417,208.234642,0.374330201
798,16.00180113,112.1183649,57.02272724,83.8754232,117.2814162,196.7201247,0.47388773
799,16.49247965,107.5360474,58.77460317,82.47248447,128.5049024,192.2283527,0.594129099
800,17.1487247,109.5854284,59.04340065,85.95301045,93.09783307,216.7406078,0.575414543
801,17.3479596,102.2154844,59.28967294,84.06893651,116.5838207,209.0298254,0.583348171
802,20.02492279,121.5487489,57.06473568,90.17360598,113.8850657,213.1655573,0.822533381
803,18.60837364,119.0363391,58.06025163,84.81105151,112.2570119,201.8156724,0.64570125
804,18.78663812,113.2167451,59.35476173,87.53199501,148.544031,193.1132335,0.496639456
805,18.14294397,111.5053747,58.48766457,80.35850277,145.7792427,202.2454413,0.616307608
806,19.26594428,104.5553386,57.35229575,81.73108605,135.8260092,209.502953,0.525880896
807,18.99801318,102.677575,59.2054902,77.50990452,141.890429,211.9442837,0.606068436
808,18.60637977,86.54831252,59.5260544,74.20190821,108.4048691,213.1227647,0.663162308
809,18.48156863,113.2167451,62.64661596,62.53292171,204.8764053,252.2144787,0.673875093
810,21.1174715,66.70646389,63.80830441,65.07964491,142.6912918,282.7518056,2.350018271
811,26.44997123,55.68255987,59.2054902,63.31242696,199.922671,221.887393,1.389360746
812,23.71151073,80.87458435,59.2054902,60.55803447,151.5977857,255.3687942,0.465401761
813,19.52430082,63.82087111,64.97894414,62.38418993,129.713471,257.2064958,1.80752666
814,16.37620108,120.2616764,58.62744159,88.34964985,137.5681836,197.5027383,0.39656259
815,17.79292385,112.7378498,59.2054902,89.88396613,89.86401713,201.6445523,0.403172038
816,17.79839569,86.40630719,61.52502693,76.92134682,117.4271537,197.1355559,0.665727552
817,22.26130905,80.77521521,59.03608956,72.31482821,128.1621755,240.8688664,0.2394173
818,19.99642433,75.61478212,59.71338593,76.05751957,126.3803267,212.5243218,0.455063974
819,27.63351811,78.63511784,65.75546104,67.40224412,156.5407016,258.8171695,0.464640674
820,27.27278642,60.83668483,67.61227741,64.68702566,116.0212086,262.3710132,2.655626187
821,25.84928207,73.97294976,63.85964165,69.14677653,141.3472949,209.4722639,3.247201979
822,23.26889513,77.55986817,64.42860831,57.3654326,139.0651105,295.3353885,0.03135848
823,26.80248977,84.30705013,65.92080147,68.84956176,152.9424233,265.8196886,0.329430216
824,24.82688827,65.66114887,63.36131193,71.59466477,124.1758824,247.4309665,0.723766667
825,20.4878619,46.73924118,64.74501801,66.6803837,139.410922,250.1822052,0.395960821
826,18.48156863,72.04665614,50.96749042,64.01102581,143.9710508,213.1227647,1.757748533
827,24.15953568,113.2167451,59.2054902,85.42823529,139.6209067,250.6127415,2.090100098
828,24.25058558,80.34072347,63.88574785,63.03358427,135.8800965,209.3960883,1.179416529
829,17.27578607,65.67816794,61.68627002,84.2114143,110.4648097,215.613414,0.55
830,16.25759527,60.87309497,60.14614141,74.42555487,118.4267137,192.0,0.6
831,15.59649625,60.78394436,62.77382518,73.93384037,104.6906266,197.0354298,0.58
832,18.32923925,101.7386147,58.15289965,69.85140747,104.5575305,199.3192554,0.68
833,18.08692599,93.54474929,60.02014814,72.69070475,105.1192061,198.9119031,0.79
834,19.95376033,66.39720783,53.42083104,70.34552817,193.288604,243.1900949,0.876604476
835,27.95196634,97.25309598,57.16445801,66.07168865,165.3250246,279.5902557,0.48712022
836,21.99364696,48.63982916,56.50145837,61.87959388,125.9033385,229.0804813,0.723766667
837,25.44664232,65.82717498,56.13122507,69.91225966,153.5058755,277.4265248,2.084536186
838,18.48156863,115.4374646,56.12696296,85.42823529,124.1758824,213.1227647,0.723766667
839,18.48156863,116.4256488,57.92537996,85.55482326,124.1758824,196.3029686,0.461363087
840,19.43113649,102.9870153,59.15373458,79.76731914,119.54081,215.4440436,0.420771735
841,19.76102764,106.0599813,59.95135772,78.37923919,117.3588345,203.1164907,0.707299388
842,17.52136246,113.2167451,57.06850082,81.78730331,138.0344489,201.337347,0.503722613
843,17.98266396,78.4435084,59.92996689,75.66233862,126.4451113,214.1631809,0.66501377
844,17.89326229,94.59455564,56.59503088,73.46164257,107.5486575,244.8058734,0.803138776
845,21.0361087,88.78479232,57.92775302,70.72637803,126.2561311,216.1968429,0.820859563
846,20.89695512,81.2560524,58.23240649,85.42823529,137.9440765,233.8395945,0.716264868
847,22.39967853,74.76156252,56.49517172,66.66883608,177.2249196,262.1213285,0.8121477293
848,26.9776012,63.68334744,51.75432303,61.33140081,131.7190067,247.5883825,0.81044161
849,26.95883208,71.92263059,57.50759152,85.42823529,143.2715395,260.1369789,0.817668089
850,23.84379158,71.17452181,59.76096216,60.22079244,165.6713645,246.0070338,0.8401404106
851,22.03437793,59.78469156,60.84698553,67.04512503,120.0634365,200.5423089,0.806828148
852,29.29442207,78.13725514,59.63599016,66.5961239,128.1175603,256.9097611,0.830587605
853,25.19043243,71.86485649,68.15251332,69.39407555,124.1758824,228.4902929,0.85709702
854,16.05418148,110.6286333,59.2054902,85.42823529,124.1758824,193.5230983,0.171534765
855,18.48156863,125.5955968,59.15170142,84.83573996,106.6288601,195.8912344,0.420213094
856,15.65708486,119.9138708,55.24258498,86.9099105,117.4245695,191.3453451,0.374234046
857,16.13301377,122.3963322,57.72620178,91.83818124,153.877121,193.7227445,0.197197045
858,17.24141647,122.0202116,57.96723859,85.14782659,124.939101,184.797729,0.314395718
859,17.09486797,117.9928184,56.3618551,89.16373205,108.5249811,187.5310774,0.415874963
860,18.394269,125.4362843,57.38246067,89.166718,128.8802532,198.5522077,0.355360491
861,15.93027655,119.5016385,58.72312355,86.59159782,126.9524547,191.0214303,0.424076574
